{
  "accuracy": {
    "mean": 0.9200000000000002,
    "std": 0.059999999999999984,
    "folds": [
      1.0,
      0.9,
      0.9,
      0.9,
      1.0,
      0.9,
      0.8,
      0.9,
      0.9,
      1.0
    ]
  },
  "f1": {
    "mean": 0.9143939393939394,
    "std": 0.07144679792818143,
    "folds": [
      1.0,
      0.8888888888888888,
      0.9090909090909091,
      0.9090909090909091,
      1.0,
      0.9090909090909091,
      0.75,
      0.8888888888888888,
      0.8888888888888888,
      1.0
    ]
  },
  "precision": {
    "mean": 0.95,
    "std": 0.07637626158259732,
    "folds": [
      1.0,
      1.0,
      0.8333333333333334,
      0.8333333333333334,
      1.0,
      0.8333333333333334,
      1.0,
      1.0,
      1.0,
      1.0
    ]
  },
  "recall": {
    "mean": 0.9,
    "std": 0.1341640786499874,
    "folds": [
      1.0,
      0.8,
      1.0,
      1.0,
      1.0,
      1.0,
      0.6,
      0.8,
      0.8,
      1.0
    ]
  },
  "n_samples": 101,
  "n_folds": 10,
  "hardware": {
    "backend": "CPU",
    "gpu_available": false,
    "n_jobs": -1,
    "corpus_size": 101
  }
}